sex,sbp,dbp,scl,chdfate,followup,age,bmi,month,id
1,140,102,286,1,3532,53,"27,90",1,41
2,140,70,301,1,5323,60,"23,60",9,2935
1,132,88,248,1,4291,45,"27,10",9,3361
2,126,86,209,1,4934,45,"21,00",6,2402
1,158,92,305,1,1116,61,"29,70",11,3919
1,94,62,263,1,9816,33,"26,00",5,2105
2,126,70,324,1,5135,56,"21,50",1,137
2,96,70,313,1,3716,60,"23,20",2,901
2,105,65,291,1,4665,46,"24,00",8,2917
1,130,70,190,1,715,48,"29,60",2,744
2,110,80,250,1,2490,47,"23,20",1,268
1,194,100,171,1,6399,58,"22,00",1,358
2,190,120,324,1,5471,61,"21,40",8,2649
1,148,94,209,1,5380,56,"24,70",12,4304
2,132,82,243,1,7956,49,"26,50",8,2655
2,116,74,200,1,2586,46,"19,90",10,3445
2,160,80,255,1,3982,47,"25,90",6,2503
1,120,80,240,1,10123,40,"24,70",4,1666
1,158,88,309,1,3487,46,"26,60",9,3178
1,126,84,246,1,4601,50,"25,60",4,1595
1,132,96,165,1,5943,55,"37,00",4,1696
2,144,88,223,1,5362,54,"23,10",11,3911
2,150,80,313,1,3626,61,"29,00",9,3345
1,160,94,219,1,2582,57,"26,70",4,1498
1,184,104,231,1,4093,50,"27,40",3,1153
1,108,68,204,1,6145,47,"29,80",6,2196
2,128,74,300,1,4966,51,"23,20",10,3727
2,108,68,243,1,7674,58,"28,60",2,743
2,138,90,306,1,1449,59,"30,40",2,626
2,174,102,259,1,4992,55,"24,40",10,3728
1,122,86,268,1,11361,34,"24,00",9,3200
1,108,82,209,1,8391,40,"24,20",10,3409
1,110,68,190,1,5946,60,"20,90",2,766
2,130,90,300,1,359,54,"25,40",5,2136
2,110,70,278,1,9054,42,"21,60",1,161
1,120,76,163,1,11306,52,"23,90",6,2232
1,132,82,167,1,10284,34,"22,40",2,753
1,146,82,175,1,2904,61,"26,30",3,1370
1,145,75,273,1,798,52,"26,40",12,4327
2,132,94,213,1,5613,54,"25,60",9,3036
1,170,100,258,1,637,40,"28,60",5,2173
1,150,94,322,1,6358,43,"27,00",6,2504
1,140,78,175,1,5873,62,"28,50",8,2841
2,234,110,288,1,6900,51,"28,30",3,1172
1,120,86,205,1,10660,35,"28,90",1,275
2,132,80,288,1,2421,58,"34,20",3,1374
1,120,70,190,1,7347,37,"23,10",8,2782
2,100,70,242,1,9934,45,"27,10",8,2887
2,144,80,293,1,9923,34,"26,30",12,4527
1,126,84,234,1,8663,48,"27,90",6,2275
2,124,84,288,1,5988,42,"26,40",11,4168
2,156,96,283,1,3977,60,"29,20",12,4699
1,124,82,225,1,2535,42,"32,00",4,1482
2,220,130,276,1,6394,49,"25,00",6,2337
1,125,100,215,1,6256,46,"25,00",4,1515
2,174,90,292,1,6552,63,"30,70",4,1607
2,152,88,161,1,1045,45,"22,10",10,3381
1,138,88,225,1,1480,43,"19,10",9,3092
1,124,85,186,1,5537,63,"25,20",10,3768
2,120,72,301,1,6908,48,"24,90",9,3271
1,156,106,235,1,2621,44,"28,70",11,4221
1,128,84,219,1,6810,46,"25,00",11,4163
2,140,85,210,1,2446,52,"27,90",2,668
2,150,95,226,1,2916,45,"25,60",11,4018
1,132,88,223,1,5151,53,"24,10",1,272
1,120,78,250,1,6879,61,"24,70",4,1641
1,174,108,250,1,869,56,"23,00",3,1383
1,126,84,209,1,8501,42,"21,90",10,3758
1,140,95,222,1,1611,37,"25,50",1,54
1,145,80,270,1,2551,48,"29,90",5,1892
2,124,78,306,1,9098,58,"26,10",1,120
1,106,72,240,1,7689,57,"27,00",12,4438
1,110,70,243,1,2136,38,"25,60",4,1593
1,164,90,255,1,5511,62,"32,80",1,189
2,122,78,255,1,9999,40,"25,60",8,2591
1,132,80,240,1,8014,46,"26,30",11,4169
1,124,76,150,1,3652,44,"23,10",4,1479
1,130,85,215,1,4587,46,"27,90",4,1527
2,164,70,259,1,1166,56,"27,90",11,4254
2,126,84,224,1,6932,35,"27,80",12,4583
1,188,106,208,1,1357,61,"26,10",3,1286
1,122,74,225,1,7066,38,"27,60",11,4271
1,128,92,260,1,1950,48,"33,70",12,4352
2,98,70,201,1,8237,56,"28,80",3,1282
1,132,90,255,1,5106,47,"26,70",2,583
1,145,85,200,0,5792,60,"25,90",9,2986
1,120,80,234,0,11688,45,"24,10",3,1015
2,148,78,194,0,5765,43,"23,90",8,2618
2,134,84,238,0,4419,53,"27,00",1,324
2,125,85,205,0,11688,42,"21,40",4,1642
2,145,88,217,0,8157,51,"27,40",10,3744
2,122,82,261,0,11137,60,"23,40",6,2447
2,118,76,187,0,5053,33,"19,90",10,3795
1,138,76,255,0,11060,55,"22,70",3,1417
1,124,84,190,0,11688,42,"27,00",6,2329
2,115,75,176,0,11536,38,"21,40",11,4037
2,134,84,179,0,11688,42,"21,10",3,1281
2,106,76,161,0,11688,33,"26,30",5,1872
2,156,82,257,0,4288,61,"32,40",9,3105
2,100,75,262,0,11387,35,"20,30",3,1141
2,114,76,238,0,11688,50,"26,70",6,2378
1,112,78,185,0,9185,48,"25,80",8,2749
1,150,88,194,0,1498,61,"26,50",11,4043
2,104,54,163,0,11688,37,"20,60",2,549
2,96,60,165,0,9532,44,"20,00",4,1512
2,112,70,194,0,5288,42,"19,40",2,625
1,134,94,244,0,11688,45,"22,70",11,4083
2,150,100,234,0,6201,41,"29,20",2,531
2,195,120,326,0,2145,58,"28,20",9,3307
1,144,84,145,0,2923,45,"18,20",2,502
2,98,78,150,0,5880,50,"28,30",12,4479
1,108,78,178,0,11532,39,"21,00",11,3958
2,120,78,199,0,10864,47,"17,30",11,4210
1,130,85,232,0,4313,49,"21,30",9,3338
2,152,96,206,0,5802,60,"21,80",10,3586
2,148,92,200,0,10997,44,"22,10",1,237
2,110,82,225,0,8475,44,"24,50",3,1160
1,138,87,260,0,11688,38,"30,70",2,951
2,134,84,179,0,11688,33,"24,80",6,2520
2,160,94,190,0,8547,53,"26,00",12,4429
2,132,84,228,0,11688,40,"23,90",2,525
2,145,92,171,0,5787,55,"22,70",11,3998
2,155,85,243,0,11688,52,"26,00",1,71
2,105,60,181,0,11439,39,"24,40",5,1929
1,168,104,182,0,5467,51,"25,80",12,4486
1,115,75,184,0,11688,37,"23,60",11,4286
1,140,86,200,0,11601,55,"27,90",1,347
1,118,64,185,0,11688,39,"26,20",9,3333
1,100,66,260,0,3618,61,"28,00",3,1143
2,112,80,234,0,11688,42,"30,80",10,3616
1,128,94,213,0,11472,35,"27,80",3,1401
1,132,76,315,0,11688,36,"28,50",8,2627
1,150,80,168,0,11543,38,"25,90",10,3623
2,132,104,195,0,11688,35,"31,70",8,2807
1,120,88,200,0,11688,38,"23,20",10,3430
1,115,75,290,0,811,49,"30,10",12,4637
1,122,78,260,0,11546,42,"27,90",9,3191
2,130,78,196,0,2061,39,"21,30",10,3669
2,174,100,221,0,11688,59,"21,20",5,2106
1,106,74,234,0,1696,34,"24,70",1,297
1,128,72,241,0,11688,35,"21,20",3,1387
1,114,84,181,0,9287,37,"22,00",8,2886
2,132,82,188,0,3731,41,"21,60",5,1978
1,126,74,215,0,783,54,"21,10",12,4334
2,134,86,250,0,8750,51,"23,80",10,3638
1,122,86,250,0,10877,42,"29,00",2,787
1,148,93,218,0,4352,48,"23,60",9,3348
2,125,80,234,0,7830,36,"30,80",8,2687
1,124,82,233,0,11688,42,"24,60",4,1476
2,110,60,150,0,8064,42,"18,70",10,3393
2,112,68,252,0,11688,40,"22,00",4,1674
2,160,80,263,0,11593,53,"24,30",2,932
1,140,86,236,0,3646,42,"31,30",1,382
2,124,70,200,0,8540,46,"24,90",1,79
1,125,80,217,0,8790,57,"27,00",5,2085
2,154,94,291,0,11688,50,"27,10",1,218
2,124,78,196,0,11688,33,"25,80",1,378
2,124,74,215,0,11438,43,"24,50",1,300
2,134,76,196,0,10473,35,"24,20",6,2428
1,120,80,192,0,11074,45,"17,40",6,2468
2,138,68,268,0,9001,65,"32,00",12,4395
2,132,72,212,0,11453,46,"22,10",3,1138
1,180,110,192,0,595,60,"25,30",9,3198
2,130,80,273,0,4386,62,"23,00",10,3748
1,136,78,268,0,11688,41,"22,30",9,3029
2,110,70,200,0,4354,48,"22,10",12,4359
2,170,95,230,0,9388,58,"26,50",1,115
2,188,100,275,0,11275,51,"29,00",3,1218
1,108,74,255,0,5553,42,"27,00",12,4499
2,120,98,218,0,10040,57,"36,60",12,4550
2,108,60,196,0,9708,32,"20,40",1,91
1,124,74,168,0,11354,36,"20,80",6,2365
2,134,90,215,0,11688,53,"30,70",10,3632
1,130,78,165,0,5275,62,"31,60",3,1020
2,156,80,258,0,2940,56,"25,80",4,1522
1,130,80,248,0,11688,53,"25,50",11,4288
1,104,70,234,0,11688,37,"21,90",1,43
2,174,100,218,0,2959,53,"18,90",8,2608
2,214,104,204,0,10354,54,"23,90",4,1539
2,132,74,213,0,10955,49,"22,30",5,2051
2,185,100,180,0,11688,43,"22,90",8,2577
2,165,85,250,0,8156,50,"24,80",4,1744
1,128,88,212,0,11688,38,"27,60",12,4379
2,152,102,219,0,4289,63,"28,70",5,1901
2,130,84,231,0,5845,33,"18,00",10,3410
2,150,90,250,0,9651,50,"22,90",5,2156
2,116,74,238,0,11688,42,"23,30",4,1763
1,100,70,242,0,11613,46,"28,20",8,2719
2,132,90,223,0,11052,48,"27,20",10,3664
2,112,70,169,0,10213,35,"26,50",10,3882
1,136,90,318,0,6478,59,"25,00",3,1258
1,130,92,225,0,11688,48,"29,50",10,3576
1,114,84,182,0,5818,61,"39,40",5,1918
1,112,70,228,0,11688,47,"26,00",2,903
2,112,76,225,0,11688,48,"21,20",3,1292
2,128,74,225,0,11688,59,"27,90",9,3129
1,136,96,178,0,713,38,"21,50",2,487
2,174,98,192,0,5824,61,"24,90",6,2246
2,115,70,167,0,10384,51,"23,40",2,542
1,135,95,205,0,9587,42,"25,20",6,2473
2,154,96,368,0,2283,47,"23,40",1,233
2,125,75,276,0,8071,53,"24,00",12,4399
2,134,68,175,0,11688,36,"25,40",3,1057
1,134,90,250,0,11634,36,"28,00",10,3666
2,118,72,190,0,11562,35,"21,20",9,3231
2,115,80,283,0,11688,44,"34,90",12,4447
1,142,82,146,0,11688,34,"28,10",6,2381
2,124,86,307,0,651,51,"23,00",4,1472
2,136,86,276,0,10590,61,"25,10",6,2338
1,120,74,239,0,11546,34,"26,20",9,2939
2,108,74,171,0,7184,38,"23,60",10,3597
2,120,70,207,0,11568,38,"22,80",8,2754
2,130,76,251,0,856,57,"21,50",4,1528
1,134,90,177,0,11688,34,"30,90",10,3820
2,134,84,288,0,11688,39,"22,90",3,1189
2,152,76,184,0,11688,38,"24,90",11,4015
1,138,80,208,0,11409,45,"27,20",4,1777
1,144,90,238,0,11688,45,"27,50",12,4644
1,130,94,217,0,11688,36,"32,00",12,4614
1,118,74,215,0,5131,60,"26,90",10,3824
1,150,84,228,0,4001,45,"22,80",2,984
2,112,68,209,0,11688,39,"22,30",8,2856
1,134,76,275,0,2183,62,"28,10",10,3772
1,122,74,271,0,1447,49,"24,10",6,2330
1,138,84,235,0,11568,41,"27,50",9,2979
1,124,78,236,0,3449,40,"22,80",10,3421
2,130,80,213,0,5033,36,"25,50",9,3071
1,174,100,205,0,3066,61,"24,60",1,236
2,145,93,292,0,11688,47,"27,10",1,93
2,165,110,194,0,9962,48,"31,50",3,1274
2,140,90,256,0,11688,52,"23,30",9,2978
1,80,48,203,0,11688,44,"17,50",12,4672
2,104,74,159,0,11688,36,"22,00",6,2351
1,122,68,225,0,11688,52,"27,00",9,2988
2,108,74,234,0,11688,41,"23,60",1,298
2,224,142,213,0,418,52,"40,20",4,1654
1,130,88,194,0,3657,46,"28,60",11,4023
2,138,78,258,0,8787,51,"19,30",4,1429
2,130,84,225,0,10707,43,"28,70",6,2292
1,125,80,164,0,10711,36,"21,40",11,4170
1,124,84,276,0,9602,60,"20,20",6,2197
1,148,76,213,0,9552,54,"24,00",11,4115
2,110,75,150,0,11688,32,"25,20",9,3002
2,115,65,149,0,11688,34,"21,30",8,2690
1,126,82,258,0,5197,54,"23,50",5,2132
2,122,74,296,0,6551,59,"29,00",2,983
1,134,84,301,0,11688,51,"25,10",8,2811
